{"cameraMode":{"drawMode":0,"name":"Shaded","section":"Shading Mode"},"sceneLighting":false,"audioPlay":false,"sceneViewState":{"m_AlwaysRefresh":false,"showFog":true,"showSkybox":false,"showFlares":true,"showImageEffects":true,"showParticleSystems":true,"showVisualEffectGraphs":true,"m_FxEnabled":true},"in2DMode":false,"pivot":{"x":0.09383775293827057,"y":-0.04219716414809227,"z":0.09490246325731278},"rotation":{"x":-0.17762169241905213,"y":0.4373954236507416,"z":-0.08857779204845429,"w":-0.8770935535430908},"size":0.6946719884872437,"orthographic":false}